"id";"orderId";"itemId";"name";"qty";"total"
"0f6a21325c9544dbaf020927153a6c29";"10af065eec2c4279832edb0fc593bdef";2;"item002";2;40.0
"118d98ee8e5d4857b986116d9a8d8a01";"522a8e0fdc4d420a970f00c5cfff3802";3;"item003";3;300.0
"1dd92c9c18424f428ed03f0924d2a626";"9ee78c7de24c42e29d7a02c84b121529";1;"item001";1;100.0
"209e1239dba64d73b4f3ae756a9d69c1";"7f7d25e1a9614878b49ef00c79b1113e";4;"item004";1;20.0
"3c8814956d104dd78a92cb723d50a0c8";"522a8e0fdc4d420a970f00c5cfff3802";5;"item005";1;150.0
"66ecb2988ea644288aede0c6a336445a";"e4e0b5d0ca5e41c4a0a13cae0e15ad5f";1;"item001";1;100.0
"68af6019259b442882f1028679749135";"af24334a307949ac98a5c469f20e4d15";1;"item001";2;200.0
"86603e88c3184fedb44fdc561d5cc052";"8d20096ec69848ea82b2bdc8cc5e6f5c";3;"item003";2;200.0
"936589f5c82a41a3a1408fcaf1555186";"d4eef05e2320458ab8628c6c45900cfd";2;"item002";4;80.0
"9e5b5a7781b54c6db8989aeae74c649c";"af24334a307949ac98a5c469f20e4d15";5;"item005";1;150.0
"9f97f773cf9d410aab75d21a5a225812";"8ad27d1cc7914c7094138163e6be9e08";3;"item003";5;500.0
"bdad73c1b08540e09142ad3f52547cfc";"8ad27d1cc7914c7094138163e6be9e08";2;"item002";2;40.0
"d906f244a5094d77930c5e664c446411";"cef5ed2897a441abaa1fcc41ee8d1949";2;"item002";2;40.0
