"id";"total";"isComplete";"createAt"
"0e5c49299472487dac54099f95da24c";200.0;0;"2010-10-10"
"10af065eec2c4279832edb0fc593bdef";40.0;0;"2021-12-07 at 19:52:35 CST"
"1111";100.0;0;"2020-10-20"
"11111";100.0;0;"2020-10-20"
"522a8e0fdc4d420a970f00c5cfff3802";450.0;0;"2021-12-07 at 20:15:12 CST"
"7f7d25e1a9614878b49ef00c79b1113e";20.0;0;"2021-12-07 at 20:10:25 CST"
"82b87616cd8b4e4790db099a96fd407f";100.0;0;"2020-10-20"
"8ad27d1cc7914c7094138163e6be9e08";540.0;0;"2021-12-07 at 20:22:58 CST"
"8d20096ec69848ea82b2bdc8cc5e6f5c";200.0;0;"2021-12-07 at 20:07:53 CST"
"9ee78c7de24c42e29d7a02c84b121529";100.0;0;"2021-12-07 at 18:25:05 CST"
"af24334a307949ac98a5c469f20e4d15";350.0;0;"2021-12-07 at 20:18:44 CST"
"cef5ed2897a441abaa1fcc41ee8d1949";40.0;0;"2021-12-07 at 19:54:32 CST"
"d4eef05e2320458ab8628c6c45900cfd";80.0;0;"2021-12-07 at 20:21:21 CST"
"e4e0b5d0ca5e41c4a0a13cae0e15ad5f";100.0;0;"2021-12-07 at 17:26:01 CST"
